system:index,station_ID,statistic
0_0,-113.125 32.375_mean,"[0.001237335213986428, 0.0011651467237060594, 9.162147801058988E-4, 3.148499646619575E-4, 1.1881717364303768E-4, 1.6140386967653005E-4, 7.697408557823389E-4, 7.473696089277031E-4, 9.052110725038108E-4, 0.0010385483636949132, 0.0010943515145610937, 9.277378120561586E-4]"
0_1,-113.125 32.375_stdDev,"[0.00315732298749554, 0.0030625452235560394, 0.003265162679070843, 0.001387435409198369, 8.41563345242441E-4, 8.415313959531386E-4, 0.002147125337556982, 0.0018938337190106608, 0.003123913662654858, 0.0046239966751022415, 0.004880565573558594, 0.0029347126348614255]"
0_2,-113.125 32.375_skew,"[3.563224840445964, 3.602428490979728, 4.8454199587856355, 6.943125467152962, 11.744180906594506, 8.01666726407406, 5.481776040599553, 5.602682477553554, 7.120415402698725, 8.057302615239719, 8.268017292393612, 5.49946702080664]"
0_3,-113.125 32.375_pWD,"[0.22564102564102564, 0.2875816993464052, 0.24274406332453827, 0.25196850393700787, 0.1939252336448598, 0.19451371571072318, 0.35185185185185186, 0.42857142857142855, 0.35361216730038025, 0.23759791122715404, 0.24661246612466126, 0.3025936599423631]"
0_4,-113.125 32.375_pWW,"[0.6173913043478261, 0.6602316602316602, 0.6141078838174274, 0.5616438356164384, 0.5677083333333334, 0.6080402010050251, 0.8118811881188119, 0.7995283018867925, 0.7210682492581603, 0.6160337552742616, 0.6060606060606061, 0.6190476190476191]"
1_0,-112.875 32.375_mean,"[0.0012845983211365011, 0.0011412213427408804, 9.689698438911188E-4, 3.4574487446142096E-4, 1.6826823520571437E-4, 3.5947511958725313E-4, 0.0011608671783557478, 0.0010524880158226705, 0.001033740077178674, 9.711552562139295E-4, 0.0010277684298323972, 9.927166733446964E-4]"
1_1,-112.875 32.375_stdDev,"[0.002982118879787529, 0.003032973712245729, 0.003383302717207198, 0.0014386984812789392, 0.0011531020755467091, 0.0016174058260225103, 0.003014782002676458, 0.0027278799089464458, 0.0031160825899400483, 0.003497099868363677, 0.004270998798976107, 0.0029976591309072704]"
1_2,-112.875 32.375_skew,"[3.313666891500002, 4.1082357581586315, 4.946829334607663, 6.384046267372513, 11.491128828519251, 8.373752618851654, 5.338703933032555, 7.063808075174882, 5.899899039964435, 5.555838179188962, 7.5050167408295385, 5.478279503517248]"
1_3,-112.875 32.375_pWD,"[0.23056994818652848, 0.3053691275167785, 0.25336927223719674, 0.2579787234042553, 0.20763723150357996, 0.20202020202020202, 0.3469387755102041, 0.43010752688172044, 0.35271317829457366, 0.24396782841823056, 0.2452316076294278, 0.30523255813953487]"
1_4,-112.875 32.375_pWW,"[0.6196581196581197, 0.6591760299625468, 0.6184738955823293, 0.5669642857142857, 0.5671641791044776, 0.6078431372549019, 0.839622641509434, 0.8133640552995391, 0.7309941520467836, 0.631578947368421, 0.6137339055793991, 0.6231884057971014]"
2_0,-112.625 32.375_mean,"[0.001410220581412065, 0.0012257204667759547, 0.0010737181136398824, 3.902589878401695E-4, 2.4851011199371835E-4, 4.299210066690829E-4, 0.001468410833659266, 0.0013792994412165855, 0.0012062005833265064, 9.209646950834073E-4, 0.0010002672574237774, 0.0010968964110980642]"
2_1,-112.625 32.375_stdDev,"[0.0032574915386990397, 0.003327842192811623, 0.0037570852455943494, 0.001434749938687891, 0.0013348941842738586, 0.0018439775981007056, 0.0037150624454772943, 0.0036085212898953165, 0.00344536090735132, 0.002900837072050331, 0.00377825200534397, 0.0030261161099971175]"
2_2,-112.625 32.375_skew,"[3.3310982171593664, 4.508423793977864, 5.027298546123176, 5.08891466935069, 7.982541101062142, 7.940169804477595, 5.654133122311076, 7.574526681450683, 5.512152136213723, 4.737455148856727, 6.5826958944045675, 4.66074205393975]"
2_3,-112.625 32.375_pWD,"[0.23036649214659685, 0.31141868512110726, 0.2661064425770308, 0.2650273224043716, 0.22413793103448276, 0.20051413881748073, 0.38650306748466257, 0.5032679738562091, 0.36363636363636365, 0.24444444444444444, 0.24929178470254956, 0.30383480825958703]"
2_4,-112.625 32.375_pWW,"[0.6302521008403361, 0.6739130434782609, 0.6349809885931559, 0.5854700854700855, 0.5747663551401869, 0.6303317535545023, 0.862144420131291, 0.8329764453961456, 0.7319884726224783, 0.6615384615384615, 0.6437246963562753, 0.6370106761565836]"
3_0,-112.375 32.375_mean,"[0.0015431456685978538, 0.0013249298471466927, 0.0010483363515985528, 4.0722769583285094E-4, 2.8728050264445216E-4, 5.057619387342919E-4, 0.0016598143478537479, 0.0015514819760515232, 0.0013310562271996328, 9.17278646745465E-4, 0.0010075574674507375, 0.0011983776445655774]"
3_1,-112.375 32.375_stdDev,"[0.0034905234691362014, 0.0035581713409256373, 0.0036901111928360625, 0.0014481774194467555, 0.0015537431977848519, 0.002252636474674417, 0.0041004953864918385, 0.004169453346284545, 0.0038919350352003717, 0.0026823687144385258, 0.0034564423468492205, 0.0030156932665699283]"
3_2,-112.375 32.375_skew,"[3.378939621059346, 4.6422011215961545, 5.257264255287809, 5.161601849224541, 8.347985652342185, 8.087615506336448, 5.688472288555077, 7.870511805960841, 5.495487314146432, 4.448684402857633, 5.505404989494824, 3.878201495147056]"
3_3,-112.375 32.375_pWD,"[0.22933333333333333, 0.31690140845070425, 0.2873900293255132, 0.26912181303116145, 0.23, 0.21372031662269128, 0.4453125, 0.528, 0.36403508771929827, 0.2608695652173913, 0.2622478386167147, 0.3183183183183183]"
3_4,-112.375 32.375_pWW,"[0.6489795918367347, 0.6797153024911032, 0.6451612903225806, 0.6153846153846154, 0.5818181818181818, 0.6334841628959276, 0.8841463414634146, 0.8666666666666667, 0.7741935483870968, 0.6727272727272727, 0.6403162055335968, 0.6341463414634146]"
4_0,-112.125 32.375_mean,"[0.0016055221643194138, 0.0012825321728633487, 9.596744619987228E-4, 3.839306239234774E-4, 2.618089466937271E-4, 5.683620559043049E-4, 0.0016238973161742732, 0.001497644253578953, 0.0013093891254854651, 8.756395395506512E-4, 0.001015993770211935, 0.0012370421778397872]"
4_1,-112.125 32.375_stdDev,"[0.003610459741930809, 0.003294210370293315, 0.003365769737051589, 0.001397147176117533, 0.0014198839247447053, 0.0027308651451558716, 0.003917638913919537, 0.004094258647179941, 0.004108458578609869, 0.0025421245543036358, 0.0033106153622737737, 0.0029175771313624897]"
4_2,-112.125 32.375_skew,"[3.39283661185609, 4.322222964812005, 5.301059215864757, 6.14128071968366, 9.038906472397088, 7.855467375096209, 4.9241566167586805, 7.303405512952158, 6.168859926647807, 4.904516429888652, 4.885144986456186, 3.330394479428777]"
4_3,-112.125 32.375_pWD,"[0.23180592991913745, 0.3191489361702128, 0.2819767441860465, 0.2747875354107649, 0.22358722358722358, 0.20887728459530025, 0.4580152671755725, 0.49242424242424243, 0.35964912280701755, 0.263768115942029, 0.2571428571428571, 0.3181818181818182]"
4_4,-112.125 32.375_pWW,"[0.6546184738955824, 0.6819787985865724, 0.644927536231884, 0.6072874493927125, 0.5727699530516432, 0.631336405529954, 0.8773006134969326, 0.8668032786885246, 0.7768817204301075, 0.6690909090909091, 0.64, 0.6413793103448275]"
5_0,-111.875 32.375_mean,"[0.0015381194674217503, 0.0010432763605989436, 8.531613632237318E-4, 3.320097039716366E-4, 1.804581261239946E-4, 4.545492097806702E-4, 0.0012228667312361651, 0.0011509588257696643, 0.0010634859358625752, 8.136795610764773E-4, 9.644942303352497E-4, 0.0011192056604992973]"
5_1,-111.875 32.375_stdDev,"[0.0036463237381310154, 0.0026858017637858044, 0.0031839628302791204, 0.0013709559795792733, 0.001011477056088771, 0.0024603307416506295, 0.0032175021040227194, 0.0033087271686343977, 0.003791021656338418, 0.0030457324900312567, 0.0031770510963918413, 0.002615645139019996]"
5_2,-111.875 32.375_skew,"[3.412094478422453, 3.9929114755070385, 5.31487706371121, 7.680714093085297, 10.238931555620148, 8.404772856944765, 6.218531778343598, 6.139877093822884, 7.488885052454261, 9.133839997271636, 4.564510510560508, 3.228440959453329]"
5_3,-111.875 32.375_pWD,"[0.2275132275132275, 0.3041958041958042, 0.2737430167597765, 0.2650273224043716, 0.220873786407767, 0.19948849104859334, 0.4025974025974026, 0.5174825174825175, 0.3895582329317269, 0.24722222222222223, 0.2430939226519337, 0.3102409638554217]"
5_4,-111.875 32.375_pWW,"[0.6446280991735537, 0.6881720430107527, 0.6221374045801527, 0.5854700854700855, 0.5625, 0.6267942583732058, 0.8669527896995708, 0.8448637316561844, 0.7207977207977208, 0.6538461538461539, 0.6302521008403361, 0.6458333333333334]"
6_0,-111.625 32.375_mean,"[0.0016525196089289494, 0.0010458584107111433, 8.07188276885154E-4, 3.3564692518363396E-4, 1.3522666281546062E-4, 3.8733316181991507E-4, 0.0010749175000178107, 0.0010654795706241777, 0.0010071563376191598, 7.068129332819537E-4, 9.657003959308521E-4, 0.0012191067722892592]"
6_1,-111.625 32.375_stdDev,"[0.003939058111756442, 0.0026191099595503716, 0.0029266637141408766, 0.0014125352903442082, 7.5940225110521E-4, 0.0020030508542445953, 0.0024649954190077354, 0.00361776887591301, 0.003439041997663324, 0.001995923377178068, 0.0032505312144685927, 0.0027810503779871166]"
6_2,-111.625 32.375_skew,"[3.5296575652465507, 3.8381892025141426, 5.293257002548872, 7.865937580566189, 11.273566766032994, 8.53066927006158, 5.156478590669678, 9.592340362548457, 6.36903595367345, 4.877444134720395, 5.274992310383082, 3.31725164049158]"
6_3,-111.625 32.375_pWD,"[0.22955145118733508, 0.3146853146853147, 0.2727272727272727, 0.26944444444444443, 0.2181372549019608, 0.21409921671018275, 0.43243243243243246, 0.4806201550387597, 0.39166666666666666, 0.25925925925925924, 0.25069637883008355, 0.3106508875739645]"
6_4,-111.625 32.375_pWW,"[0.6390041493775933, 0.6774193548387096, 0.6380597014925373, 0.5958333333333333, 0.5801886792452831, 0.6221198156682027, 0.864406779661017, 0.8737270875763747, 0.7361111111111112, 0.6579925650557621, 0.6265560165975104, 0.6312056737588653]"
7_0,-111.375 32.375_mean,"[0.0019762892141399614, 0.001262274462163659, 8.495179310774626E-4, 4.1099704817366696E-4, 1.627965637135066E-4, 4.106473580405519E-4, 9.764995009043623E-4, 9.350882056856253E-4, 0.0012128956071781308, 8.15764383447391E-4, 0.0010690121830160182, 0.0015125398050387837]"
7_1,-111.375 32.375_stdDev,"[0.00468099554164573, 0.00299855348648673, 0.0028565611170106456, 0.0017356727036837054, 9.960715827654735E-4, 0.0022276745345426916, 0.0022019485614763797, 0.0027986717441947214, 0.0035063344874679734, 0.0019945807555520824, 0.0032924601299729396, 0.003323478148540546]"
7_2,-111.375 32.375_skew,"[3.528300123775253, 3.754309520166301, 5.0644090845720156, 7.8596750444433425, 12.233636657631836, 9.733878235448259, 4.394074739036711, 8.494899779117516, 4.809590681507018, 3.580093406638401, 4.618809313080619, 3.0161862751896535]"
7_3,-111.375 32.375_pWD,"[0.2371967654986523, 0.31560283687943264, 0.2792022792022792, 0.2773109243697479, 0.2109181141439206, 0.22163588390501318, 0.42857142857142855, 0.4621212121212121, 0.38114754098360654, 0.2607449856733524, 0.2693409742120344, 0.3192771084337349]"
7_4,-111.375 32.375_pWW,"[0.6465863453815262, 0.6855123674911661, 0.6319702602230484, 0.5925925925925926, 0.6082949308755761, 0.6244343891402715, 0.8829568788501027, 0.875, 0.7387640449438202, 0.6605166051660517, 0.6294820717131474, 0.6354166666666666]"
8_0,-111.125 32.375_mean,"[0.002287978528818088, 0.0016629361200311873, 9.457678534090519E-4, 5.260387006851416E-4, 2.4497891249864E-4, 4.460897296667099E-4, 0.0013145616180964648, 0.0011125749320659822, 0.0014781192457423112, 0.0010747642478378641, 0.0012867171388704658, 0.0018732338658112898]"
8_1,-111.125 32.375_stdDev,"[0.005320100360585105, 0.003746765057347574, 0.002859474380969866, 0.0021211229229416676, 0.0013136784313210147, 0.0023310694917184154, 0.0026743133074109836, 0.0025147142220806307, 0.004242826899214276, 0.0025725404770860962, 0.003719667412598546, 0.0040528986809592335]"
8_2,-111.125 32.375_skew,"[3.4040320310015337, 3.6471072192940857, 4.460489538660574, 7.242954727825804, 11.171194528715437, 10.195026193487092, 3.782754410360948, 4.587782386601312, 5.150174345783057, 3.7419743856829233, 4.415995290731625, 2.869579796279393]"
8_3,-111.125 32.375_pWD,"[0.2528409090909091, 0.31654676258992803, 0.2953846153846154, 0.28735632183908044, 0.2282051282051282, 0.24157303370786518, 0.49019607843137253, 0.5142857142857142, 0.4265402843601896, 0.27218934911242604, 0.28823529411764703, 0.34591194968553457]"
8_4,-111.125 32.375_pWW,"[0.667910447761194, 0.6933797909407665, 0.6711864406779661, 0.6031746031746031, 0.6130434782608696, 0.6516393442622951, 0.9034749034749034, 0.8951456310679612, 0.7686375321336761, 0.6702127659574468, 0.6269230769230769, 0.6390728476821192]"
9_0,-110.875 32.375_mean,"[0.002643800078248474, 0.002126096673803219, 0.0012298785058744981, 6.451599862215654E-4, 3.6296619131691814E-4, 5.606238611719825E-4, 0.0024445251160090074, 0.001898312074807259, 0.0019136545889311843, 0.0014489177658499495, 0.001550266074071474, 0.0023323915307483976]"
9_1,-110.875 32.375_stdDev,"[0.0059015103443834155, 0.004634356625169505, 0.0032248301986166636, 0.0023984365163641722, 0.0016064846533258303, 0.0023465127418637343, 0.004745892659295467, 0.003768837272705774, 0.005299812795919546, 0.0035775598971541003, 0.004413299819948346, 0.004969820498138479]"
9_2,-110.875 32.375_skew,"[3.171411789682779, 3.5287430948892498, 3.48006696915107, 6.538232047349101, 8.506761366741015, 9.429239879212773, 4.161361393192144, 4.046535767085099, 5.375921515240527, 4.602710207524705, 4.796072726321883, 2.991348659859287]"
9_3,-110.875 32.375_pWD,"[0.28059701492537314, 0.34220532319391633, 0.30990415335463256, 0.29850746268656714, 0.2568306010928962, 0.2852760736196319, 0.4634146341463415, 0.5333333333333333, 0.4426229508196721, 0.28173374613003094, 0.303951367781155, 0.3464052287581699]"
9_4,-110.875 32.375_pWW,"[0.6666666666666666, 0.7019867549668874, 0.6807817589576547, 0.6226415094339622, 0.6299212598425197, 0.6642335766423357, 0.929368029739777, 0.926605504587156, 0.8057553956834532, 0.6902356902356902, 0.6346863468634686, 0.6656050955414012]"
10_0,-110.625 32.375_mean,"[0.0032460892123395, 0.0028876311476587467, 0.0016573815329495487, 8.746037892035013E-4, 6.069329926012091E-4, 7.390939445601523E-4, 0.0030265300265388153, 0.002791083708337141, 0.0027243126687652246, 0.001916537286653634, 0.001862782634038856, 0.002973103662213636]"
10_1,-110.625 32.375_stdDev,"[0.0068415243421187846, 0.005976271680060556, 0.00397117368569703, 0.0028426173608780024, 0.0024409391239399894, 0.0028532167760066717, 0.005087192404528759, 0.004722483751706943, 0.006348384336405542, 0.00514688549342553, 0.005068117215145458, 0.0059945430961296665]"
10_2,-110.625 32.375_skew,"[3.114528541156536, 3.353984666933293, 3.0642233586472805, 5.623365097068224, 7.551680281018901, 10.85633173573252, 2.8651822613417948, 3.412263126417384, 5.234154316575527, 6.211165922915908, 4.937902621348234, 2.805950004844443]"
10_3,-110.625 32.375_pWD,"[0.2887537993920973, 0.3486590038314176, 0.3069306930693069, 0.3009118541033435, 0.256198347107438, 0.2971246006389776, 0.44155844155844154, 0.5333333333333333, 0.45161290322580644, 0.29449838187702265, 0.31384615384615383, 0.3431372549019608]"
10_4,-110.625 32.375_pWW,"[0.6701030927835051, 0.7006578947368421, 0.7034700315457413, 0.6346863468634686, 0.6381322957198443, 0.6759581881533101, 0.9373848987108656, 0.926605504587156, 0.7971014492753623, 0.7041800643086816, 0.6327272727272727, 0.6687898089171974]"
11_0,-113.125 32.125_mean,"[0.0011484544854937937, 0.001079542990559819, 8.446291420865156E-4, 3.381458127887936E-4, 1.9115392600570745E-4, 1.5086551840922134E-4, 7.245572039730919E-4, 7.514873837036165E-4, 9.125482594204503E-4, 0.0010249246284365653, 9.981953943877116E-4, 8.864151715910693E-4]"
11_1,-113.125 32.125_stdDev,"[0.0030863380965418068, 0.0028320444155989413, 0.0030984484635994407, 0.0013888017717956771, 0.001260398976089925, 5.984834003792812E-4, 0.0019827688448651646, 0.0018286937837049036, 0.0031541770958505647, 0.004652687321937117, 0.004598897641623891, 0.0030134326518689424]"
11_2,-113.125 32.125_skew,"[3.9450394353772227, 3.7616505572685375, 4.94975616897351, 5.801224381188874, 9.187005121725791, 5.591764337752887, 5.399234653345513, 7.332879445925871, 7.475738513744072, 8.085389911414712, 8.228248081156815, 6.038534090616031]"
11_3,-113.125 32.125_pWD,"[0.21173469387755103, 0.29276315789473684, 0.25268817204301075, 0.25396825396825395, 0.21241050119331742, 0.19298245614035087, 0.37320574162679426, 0.4444444444444444, 0.3686274509803922, 0.23306233062330622, 0.24054054054054055, 0.30612244897959184]"
11_4,-113.125 32.125_pWW,"[0.6359649122807017, 0.6590038314176245, 0.6169354838709677, 0.5675675675675675, 0.5572139303482587, 0.6169154228855721, 0.8126520681265207, 0.8181818181818182, 0.7246376811594203, 0.6533864541832669, 0.6130434782608696, 0.6245487364620939]"
12_0,-112.875 32.125_mean,"[0.0012136248566595644, 0.0011275471100925505, 8.859950014286571E-4, 3.895075206598893E-4, 1.9665958424066674E-4, 2.796747249321661E-4, 0.001303133511236895, 0.001106043834754798, 0.0011606076274691633, 9.097277146318685E-4, 9.27884494727951E-4, 9.88849867537296E-4]"
12_1,-112.875 32.125_stdDev,"[0.0029238653337722636, 0.003036497510703516, 0.0032759078220931403, 0.0015651225763313186, 0.0010971313131172447, 0.0013402517220921129, 0.0034272268301314282, 0.0026327839324898207, 0.003531450070342986, 0.00341225048922657, 0.004015996948338809, 0.003209057752940194]"
12_2,-112.875 32.125_skew,"[3.4159543031497486, 3.9204661267156227, 5.16533305702484, 6.013806053780633, 8.789555806595855, 9.886498466311433, 5.892881094838136, 6.382411419252965, 6.538865399397403, 5.799517068447777, 7.534943480668486, 5.767848335132283]"
12_3,-112.875 32.125_pWD,"[0.22164948453608246, 0.2986577181208054, 0.2615803814713896, 0.2572944297082228, 0.21342925659472423, 0.19592875318066158, 0.3802083333333333, 0.4444444444444444, 0.37549407114624506, 0.24863387978142076, 0.24175824175824176, 0.30029154518950435]"
12_4,-112.875 32.125_pWW,"[0.6293103448275862, 0.6666666666666666, 0.616600790513834, 0.5650224215246636, 0.5615763546798029, 0.6280193236714976, 0.8294392523364486, 0.8285077951002228, 0.723342939481268, 0.6377952755905512, 0.6271186440677966, 0.631768953068592]"
13_0,-112.625 32.125_mean,"[0.0014178293946562177, 0.0012531630804032197, 0.0010119813076894858, 4.1742864917602214E-4, 2.6516237317822703E-4, 4.138135447887317E-4, 0.0015265567085223158, 0.0013340722522413243, 0.0012651777024277383, 8.997164003438119E-4, 9.710432476992529E-4, 0.001167990849353373]"
13_1,-112.625 32.125_stdDev,"[0.003364107696517778, 0.00340137337833194, 0.003695235770264168, 0.001522742198524936, 0.0013575879053227505, 0.0018388440324241392, 0.0035742121967313866, 0.0029359478640489456, 0.0035344450222697336, 0.003001236097988932, 0.0038007776372292966, 0.0032398473932800115]"
13_2,-112.625 32.125_skew,"[3.5874307912192966, 4.125518351847839, 5.243509060032785, 5.192170716808049, 9.033477845153127, 8.6119175775527, 5.224906626083856, 5.700044205123412, 5.443154757109175, 4.891118684195507, 6.598176152523881, 4.679711305797456]"
13_3,-112.625 32.125_pWD,"[0.22135416666666666, 0.2945205479452055, 0.26536312849162014, 0.2699724517906336, 0.2271604938271605, 0.211340206185567, 0.3708609271523179, 0.49230769230769234, 0.3807531380753138, 0.24788732394366197, 0.2542372881355932, 0.2991202346041056]"
13_4,-112.625 32.125_pWW,"[0.6398305084745762, 0.684981684981685, 0.6335877862595419, 0.5864978902953587, 0.5720930232558139, 0.6132075471698113, 0.8805970149253731, 0.8693877551020408, 0.7451523545706371, 0.6641509433962264, 0.6341463414634146, 0.6379928315412187]"
14_0,-112.375 32.125_mean,"[0.0015457163888129813, 0.0012660102892039498, 9.838996894960034E-4, 4.0904931956902145E-4, 2.5816399310887964E-4, 4.8354796838955347E-4, 0.0014160095506856943, 0.0012816910474521322, 0.0012105812382412282, 8.875271098481285E-4, 0.001019124369767885, 0.001263386938565721]"
14_1,-112.375 32.125_stdDev,"[0.0036675050194867422, 0.0033655727647494585, 0.003703462279015265, 0.0015024312660659965, 0.001220479082485094, 0.0022680183951136784, 0.0031429581322163684, 0.0028965578067405777, 0.003400551638023208, 0.0026664176228126555, 0.0037350187553945166, 0.0031465897800003963]"
14_2,-112.375 32.125_skew,"[3.6738248134067404, 3.9808055194805476, 5.7265876096374395, 6.109515586971319, 8.600022817406286, 7.531183036200923, 4.671006256321956, 6.327654243209242, 5.349633795406783, 4.718477445125107, 5.965219259064012, 3.6878505269806765]"
14_3,-112.375 32.125_pWD,"[0.23015873015873015, 0.3041958041958042, 0.27586206896551724, 0.26944444444444443, 0.22524752475247525, 0.21761658031088082, 0.4172661870503597, 0.5038759689922481, 0.38461538461538464, 0.25501432664756446, 0.2556818181818182, 0.30930930930930933]"
14_4,-112.375 32.125_pWW,"[0.640495867768595, 0.6881720430107527, 0.6433823529411765, 0.5958333333333333, 0.5787037037037037, 0.6074766355140186, 0.8794178794178794, 0.8676171079429735, 0.7513661202185792, 0.6678966789667896, 0.6370967741935484, 0.6445993031358885]"
15_0,-112.125 32.125_mean,"[0.0016052575477995133, 0.001159264715947869, 8.810623357079449E-4, 3.7373670478578377E-4, 2.0537561167614156E-4, 4.829300010454989E-4, 0.001165285992201852, 0.0010824155388880021, 0.0010855907716405165, 8.482211949617676E-4, 0.0010074455443085455, 0.00127670900676296]"
15_1,-112.125 32.125_stdDev,"[0.0037855852969593267, 0.003107279205598575, 0.003434409449891887, 0.0015479764029006676, 9.509943453773634E-4, 0.0026690294307551896, 0.002525535133667284, 0.0026499170885542845, 0.003331197866741838, 0.0024718829087663047, 0.003575825942596952, 0.003039991447356142]"
15_2,-112.125 32.125_skew,"[3.586856114443771, 4.342260470493618, 5.985061448646463, 8.183712376768018, 9.039778248123747, 8.270335173115745, 4.455138063904495, 6.307709127393299, 5.786484918955125, 4.861306146116092, 5.332844510969801, 3.380013179389689]"
15_3,-112.125 32.125_pWD,"[0.2230971128608924, 0.31560283687943264, 0.2755681818181818, 0.2596685082872928, 0.22493887530562348, 0.20725388601036268, 0.4580152671755725, 0.4740740740740741, 0.3922413793103448, 0.25, 0.24788732394366197, 0.3123123123123123]"
15_4,-112.125 32.125_pWW,"[0.6443514644351465, 0.6855123674911661, 0.6343283582089553, 0.6050420168067226, 0.5639810426540285, 0.6261682242990654, 0.8773006134969326, 0.8680412371134021, 0.75, 0.667910447761194, 0.6408163265306123, 0.6411149825783972]"
16_0,-111.875 32.125_mean,"[0.0016763480340206572, 0.0010072088700586132, 8.529849485529743E-4, 3.517979771986028E-4, 1.5515252016484737E-4, 4.7876532255755784E-4, 0.00118277184705433, 0.0010149453369175789, 0.001195670837457751, 8.099782227506656E-4, 9.700369151416888E-4, 0.0011260303989823522]"
16_1,-111.875 32.125_stdDev,"[0.00391832942427601, 0.002512699421377605, 0.003359597943741982, 0.001518352032387332, 6.604956530392391E-4, 0.0028350021106401165, 0.0026458111748881535, 0.002410865375915955, 0.004278169790923677, 0.0028707986817649886, 0.003329833556985315, 0.002635214513575144]"
16_2,-111.875 32.125_skew,"[3.419139488259721, 3.751051797103282, 6.025458439302104, 7.789570391196338, 8.69538885068753, 9.56630423832629, 4.215344381682048, 5.387915374697781, 6.514094971640949, 9.04706173464426, 4.698251335021061, 3.1562952766285703]"
16_3,-111.875 32.125_pWD,"[0.2222222222222222, 0.3087719298245614, 0.27170868347338933, 0.26229508196721313, 0.22815533980582525, 0.20565552699228792, 0.40764331210191085, 0.4788732394366197, 0.39344262295081966, 0.24369747899159663, 0.2541899441340782, 0.32326283987915405]"
16_4,-111.875 32.125_pWW,"[0.630901287553648, 0.6857142857142857, 0.6273764258555133, 0.5854700854700855, 0.5480769230769231, 0.6208530805687204, 0.8617710583153347, 0.8577405857740585, 0.7275280898876404, 0.6692015209125475, 0.6239669421487604, 0.6332179930795848]"
17_0,-111.625 32.125_mean,"[0.0017769498498652315, 0.0010746513799458116, 9.330826505633738E-4, 3.8766359691234193E-4, 1.7234869728531313E-4, 5.310049182058431E-4, 0.0017181229595959308, 0.0014778803792815521, 0.0016692688178806124, 8.646623698837591E-4, 0.0011000946492384202, 0.0012280742926844236]"
17_1,-111.625 32.125_stdDev,"[0.0041185798671467605, 0.0027535093161691216, 0.0032938452590539507, 0.0015153848595322672, 6.988801383869367E-4, 0.002676046811099082, 0.003557334082492035, 0.003757066855936978, 0.00512202719030277, 0.0022503044631002702, 0.0035956500546766366, 0.0026595258841423434]"
17_2,-111.625 32.125_skew,"[3.6459326545085227, 4.308038877536421, 5.521271227727161, 7.005593222183592, 8.645287808908881, 8.355838365420427, 3.5160874438078733, 5.98849902442402, 5.777086914964207, 4.615934216907829, 4.844511198969157, 2.933007786165436]"
17_3,-111.625 32.125_pWD,"[0.24202127659574468, 0.3333333333333333, 0.28160919540229884, 0.2659279778393352, 0.22388059701492538, 0.2192513368983957, 0.40601503759398494, 0.5, 0.4, 0.2658959537572254, 0.25770308123249297, 0.32326283987915405]"
17_4,-111.625 32.125_pWW,"[0.6270491803278688, 0.6748251748251748, 0.6360294117647058, 0.5941422594142259, 0.5871559633027523, 0.6415929203539823, 0.8891170431211499, 0.8824701195219123, 0.7486486486486487, 0.6605839416058394, 0.6255144032921811, 0.6332179930795848]"
18_0,-111.375 32.125_mean,"[0.001852404726378154, 0.0011697901013246045, 8.783236416903409E-4, 4.067997686749647E-4, 1.6768253831700845E-4, 4.7288252295794826E-4, 0.0013841048931938135, 0.001208487832499577, 0.001743632685137938, 9.128771112601962E-4, 0.0010629741976467464, 0.0014142515612956211]"
18_1,-111.375 32.125_stdDev,"[0.004285851520009583, 0.0028927599455806016, 0.0028243138806346613, 0.0016453824908086833, 6.86806711052512E-4, 0.0023337213197138383, 0.0028701940148422016, 0.00284414488386709, 0.005191714923928482, 0.002239666660086164, 0.003416444167561791, 0.003027216306240891]"
18_2,-111.375 32.125_skew,"[3.5054087381170933, 4.372314518751639, 5.14863729449034, 7.601903961698228, 9.974135692464493, 8.575070465718182, 3.793484222594086, 5.2923404267190275, 5.627087313774286, 4.85939441267889, 4.756425723079476, 2.846806786667443]"
18_3,-111.375 32.125_pWD,"[0.24725274725274726, 0.32971014492753625, 0.28488372093023256, 0.28212290502793297, 0.2225, 0.24166666666666667, 0.4462809917355372, 0.5229357798165137, 0.3872340425531915, 0.26392961876832843, 0.2756598240469208, 0.327217125382263]"
18_4,-111.375 32.125_pWW,"[0.6484375, 0.6851211072664359, 0.6413043478260869, 0.5826446280991735, 0.5954545454545455, 0.6416666666666667, 0.8917835671342685, 0.8884540117416829, 0.7506849315068493, 0.6738351254480287, 0.640926640926641, 0.6382252559726962]"
19_0,-111.125 32.125_mean,"[0.0019092264563022624, 0.0012516158070260037, 8.182205756052132E-4, 3.9492632529052957E-4, 1.5568825089045472E-4, 4.235559321464376E-4, 9.931785806655167E-4, 8.663880612384452E-4, 0.0015554699658726653, 9.813633601445315E-4, 0.00102673056014026, 0.0015646166057657388]"
19_1,-111.125 32.125_stdDev,"[0.004315881390866234, 0.0030716959702893707, 0.0023950813548182385, 0.0017247908278143938, 6.893606730945464E-4, 0.002250340969339766, 0.002098266439155963, 0.0020690751436915193, 0.004996452089771108, 0.0028348260413485816, 0.0032422897871485236, 0.00335775371876838]"
19_2,-111.125 32.125_skew,"[3.3174248687897703, 4.493350223704234, 4.626084721533428, 8.519405892896835, 10.124650003585117, 9.84106179163765, 3.859373456974918, 5.678827605975644, 5.763768492558318, 5.956577611184041, 4.558724653798608, 2.94402989120523]"
19_3,-111.125 32.125_pWD,"[0.2391304347826087, 0.3285198555956679, 0.2782608695652174, 0.2757660167130919, 0.2236180904522613, 0.24316939890710382, 0.45454545454545453, 0.48412698412698413, 0.3958333333333333, 0.2585227272727273, 0.27485380116959063, 0.3312883435582822]"
19_4,-111.125 32.125_pWW,"[0.6507936507936508, 0.6840277777777778, 0.6472727272727272, 0.5892116182572614, 0.5990990990990991, 0.6239316239316239, 0.8897795591182365, 0.8765182186234818, 0.7361111111111112, 0.6604477611940298, 0.6395348837209303, 0.6360544217687075]"
20_0,-110.875 32.125_mean,"[0.002037433488294482, 0.001552930095645248, 9.435180916140477E-4, 4.4611700330719805E-4, 2.30109733434356E-4, 4.3472163991010104E-4, 0.0014018709900925465, 0.0010872258636344403, 0.0014723567764504232, 0.0011237712819384385, 0.0011447753058746457, 0.0018518050246156296]"
20_1,-110.875 32.125_stdDev,"[0.004634011371351842, 0.0036857780431934187, 0.0025645861989732153, 0.0018857367213723308, 9.423495848000431E-4, 0.002326970074145252, 0.0026633083660292795, 0.0024340638825378676, 0.004718744496762457, 0.0037760883746548917, 0.0035767221721360954, 0.003989569891498182]"
20_2,-110.875 32.125_skew,"[3.449623301721645, 4.335287756798981, 4.063072273937345, 8.578581817928228, 8.460524541108487, 10.755058743040852, 4.198450728218545, 7.150905264124201, 6.345176853042838, 6.7494780412900806, 4.665368029301883, 3.069848606854017]"
20_3,-110.875 32.125_pWD,"[0.28023598820059, 0.35384615384615387, 0.3072100313479624, 0.3005952380952381, 0.24533333333333332, 0.290519877675841, 0.4444444444444444, 0.5512820512820513, 0.44623655913978494, 0.27522935779816515, 0.3100303951367781, 0.3333333333333333]"
20_4,-110.875 32.125_pWW,"[0.6583629893238434, 0.6983606557377049, 0.6710963455149501, 0.6174242424242424, 0.6244897959183674, 0.6556776556776557, 0.9332096474953617, 0.9206642066420664, 0.7995169082125604, 0.689419795221843, 0.6273062730627307, 0.6688102893890675]"
21_0,-110.625 32.125_mean,"[0.0025803063058255004, 0.0021446787225278584, 0.0012381748871097076, 6.113863826073982E-4, 3.3940960094332694E-4, 5.277662481648642E-4, 0.0019676698561481853, 0.0016109569780322728, 0.001872774411994089, 0.0014088978662938375, 0.0014641130041769322, 0.0024345182990385787]"
21_1,-110.625 32.125_stdDev,"[0.0056776813949378545, 0.004742085584864601, 0.0030912169605160555, 0.00227059081091411, 0.0013398651362954404, 0.002390508003422941, 0.0032929055203239463, 0.003044037672689372, 0.0053239889121949446, 0.004900261360089638, 0.004084763177276388, 0.004975507812787329]"
21_2,-110.625 32.125_skew,"[3.5270319504181002, 4.162569099094008, 3.6472630953985865, 7.482920869890322, 7.678958772204976, 11.399964618352527, 2.8847401712193257, 4.883129054154213, 6.07932077240427, 7.9160651574713015, 4.314437541303229, 2.844468423785258]"
21_3,-110.625 32.125_pWD,"[0.2835820895522388, 0.3486590038314176, 0.310126582278481, 0.30606060606060603, 0.25135135135135134, 0.2946708463949843, 0.45, 0.5584415584415584, 0.4385026737967914, 0.2861635220125786, 0.303951367781155, 0.3365695792880259]"
21_4,-110.625 32.125_pWW,"[0.6631578947368421, 0.7006578947368421, 0.6743421052631579, 0.6259259259259259, 0.628, 0.6654804270462633, 0.9333333333333333, 0.9208103130755064, 0.801452784503632, 0.695364238410596, 0.6346863468634686, 0.6655948553054662]"
22_0,-112.625 31.875_mean,"[0.0013533622934287337, 0.0011215903949770298, 8.903478558820027E-4, 4.058115176173277E-4, 1.9351519410304977E-4, 3.975445626392251E-4, 0.0013613385204790216, 0.0012277253958455415, 0.0011797931446637239, 9.646824892666755E-4, 9.657454182520325E-4, 0.0011377703668319294]"
22_1,-112.625 31.875_stdDev,"[0.003261222609739503, 0.0029243600058981617, 0.003449690888335431, 0.0014614987631984537, 9.502240958364698E-4, 0.0016195857543186295, 0.0032783908851045196, 0.0027067106751870163, 0.003218474003782408, 0.0031237658147353323, 0.003945404075086819, 0.0031005610476323273]"
22_2,-112.625 31.875_skew,"[3.5707949588623693, 3.6699422949295206, 5.707205448324656, 5.6274604930911645, 9.89505081397806, 8.602082501933273, 5.512431931979755, 5.423568689684251, 5.173148013889718, 4.786188854316818, 6.817286078685428, 4.165890101147542]"
22_3,-112.625 31.875_pWD,"[0.21727748691099477, 0.2979452054794521, 0.26740947075208915, 0.261455525606469, 0.21307506053268765, 0.19743589743589743, 0.3860759493670886, 0.5038759689922481, 0.3924050632911392, 0.2535211267605634, 0.25210084033613445, 0.3047337278106509]"
22_4,-112.625 31.875_pWW,"[0.6512605042016807, 0.6813186813186813, 0.6283524904214559, 0.5764192139737991, 0.5748792270531401, 0.6333333333333333, 0.8679653679653679, 0.8676171079429735, 0.7410468319559229, 0.6566037735849056, 0.6296296296296297, 0.6382978723404256]"
23_0,-112.375 31.875_mean,"[0.0014989629426660636, 0.0011395635184183017, 8.720600588330582E-4, 3.8991358051908775E-4, 1.8716987133735703E-4, 4.6255196851324027E-4, 0.0012642659120640513, 0.0011698528767503317, 0.0011304066106474595, 9.639495912896816E-4, 0.0010177848224409323, 0.0012422384550938238]"
23_1,-112.375 31.875_stdDev,"[0.0036040972185755536, 0.0029435690989472497, 0.003469198061897647, 0.0015054979117711288, 8.109368352073124E-4, 0.0019746129726920486, 0.0028363563261779193, 0.0026018590189991237, 0.003208509858181546, 0.0028664879554962364, 0.003906617335342712, 0.003094740384798304]"
23_2,-112.375 31.875_skew,"[3.6360550458285585, 3.752037166802598, 6.213876440056481, 7.382041747267062, 9.140963547403576, 7.259896406261774, 5.309585427141612, 6.399791554518821, 5.675004069623032, 4.687498714275822, 6.148319036721929, 3.630559974642103]"
23_3,-112.375 31.875_pWD,"[0.22631578947368422, 0.3020833333333333, 0.2706552706552707, 0.26575342465753427, 0.21951219512195122, 0.2041343669250646, 0.4189189189189189, 0.5241935483870968, 0.3852813852813853, 0.25280898876404495, 0.2549019607843137, 0.3074626865671642]"
23_4,-112.375 31.875_pWW,"[0.6416666666666667, 0.6859205776173285, 0.6431226765799256, 0.5872340425531914, 0.5714285714285714, 0.6291079812206573, 0.8686440677966102, 0.8689516129032258, 0.7560975609756098, 0.6553030303030303, 0.6255144032921811, 0.6421052631578947]"
24_0,-112.125 31.875_mean,"[0.0015146283015485126, 0.001047929666328726, 8.312081144946926E-4, 3.518948331475258E-4, 1.5715023939404191E-4, 4.325586392782455E-4, 0.0011004626392445305, 0.0010373904179705649, 0.0011409260281271842, 8.381053202730767E-4, 9.566886971394221E-4, 0.001166155379380762]"
24_1,-112.125 31.875_stdDev,"[0.0037471773960898996, 0.002705414953043606, 0.003366133805251944, 0.0014795393810651159, 6.130809685830676E-4, 0.0020794084236700964, 0.002590799321212151, 0.0024266643842260033, 0.003733240918368527, 0.002512072168084746, 0.003524734023141925, 0.0028196627926430225]"
24_2,-112.125 31.875_skew,"[3.7606108602076866, 4.025901321527232, 6.789691308383392, 8.517034596340972, 8.06295518967384, 8.980978333506219, 6.518253965532085, 5.7481290753607155, 6.871470544835516, 5.053422445828873, 5.661710122696174, 3.4404283196878267]"
24_3,-112.125 31.875_pWD,"[0.22163588390501318, 0.30742049469964666, 0.268361581920904, 0.2664835164835165, 0.22384428223844283, 0.21038961038961038, 0.43661971830985913, 0.4846153846153846, 0.3813559322033898, 0.25936599423631124, 0.25925925925925924, 0.3151515151515151]"
24_4,-112.125 31.875_pWW,"[0.6514522821576764, 0.6914893617021277, 0.6390977443609023, 0.5847457627118644, 0.5598086124401914, 0.6232558139534884, 0.8702928870292888, 0.8714285714285714, 0.75, 0.6666666666666666, 0.6345381526104418, 0.6448275862068965]"
25_0,-111.875 31.875_mean,"[0.0016597546478535267, 0.0010370322009316544, 9.292110353414937E-4, 3.6644757773470263E-4, 1.3855905493810063E-4, 4.34892681268503E-4, 0.001218100825033862, 0.0011156889749111228, 0.001345795587237392, 8.71141263937105E-4, 9.833381515103603E-4, 0.0011348293300500441]"
25_1,-111.875 31.875_stdDev,"[0.003966544201289382, 0.0026138237309141607, 0.00371900155746125, 0.0015278303984105554, 5.033920786679692E-4, 0.002552943528367899, 0.0029830317335228554, 0.00255091499876447, 0.004799636872123447, 0.003068884281616191, 0.0033833329873508328, 0.0026831375135076296]"
25_2,-111.875 31.875_skew,"[3.665114069979078, 3.8573042720034034, 6.443413960078202, 7.969159241335125, 7.92556240704846, 11.376803751492304, 6.218809631544849, 4.855008663861466, 7.009371010265416, 8.627605351432056, 5.1695767567627255, 3.3231982638627677]"
25_3,-111.875 31.875_pWD,"[0.22337662337662337, 0.30633802816901406, 0.26575342465753427, 0.26902173913043476, 0.22682926829268293, 0.20887728459530025, 0.4383561643835616, 0.4782608695652174, 0.3654618473895582, 0.2528409090909091, 0.25770308123249297, 0.3212121212121212]"
25_4,-111.875 31.875_pWW,"[0.6340425531914894, 0.6903914590747331, 0.615686274509804, 0.5732758620689655, 0.5571428571428572, 0.631336405529954, 0.8649789029535865, 0.8630705394190872, 0.7378917378917379, 0.667910447761194, 0.6213991769547325, 0.6379310344827587]"
26_0,-111.625 31.875_mean,"[0.0018598011572403736, 0.0011871937847351783, 0.0010010290601785003, 4.0817758597341586E-4, 1.8778003498234533E-4, 5.986476088969075E-4, 0.0021102514298795495, 0.0018005936161656069, 0.0018598538139188777, 0.0010100101912891312, 0.0011300300617539693, 0.0013133216017780648]"
26_1,-111.625 31.875_stdDev,"[0.004314045424197909, 0.0029654869959673275, 0.003522140429900061, 0.0015388115125608843, 6.173285124251021E-4, 0.002789030424822791, 0.003995808235188488, 0.0037395639875833554, 0.005695486911280018, 0.002705682738930832, 0.0036371769006134187, 0.0028263631725926556]"
26_2,-111.625 31.875_skew,"[3.7996333892786187, 4.296568476785142, 5.691261512197022, 7.287672107672015, 6.53260837521324, 9.900191560558808, 3.5737179706658417, 4.652717287952167, 6.131215228305141, 5.673890636689654, 4.898146159571772, 3.076141515764201]"
26_3,-111.625 31.875_pWD,"[0.24390243902439024, 0.32967032967032966, 0.28362573099415206, 0.27808988764044945, 0.2325, 0.23595505617977527, 0.4666666666666667, 0.5252525252525253, 0.38461538461538464, 0.27514792899408286, 0.2722063037249284, 0.3130699088145897]"
26_4,-111.625 31.875_pWW,"[0.6414342629482072, 0.6917808219178082, 0.6474820143884892, 0.5901639344262295, 0.5772727272727273, 0.6598360655737705, 0.9048543689320389, 0.9001919385796545, 0.7959183673469388, 0.6666666666666666, 0.6254980079681275, 0.6494845360824743]"
27_0,-111.375 31.875_mean,"[0.0018813020132225134, 0.0012422939012414658, 0.0010081518517985736, 4.3024751357734203E-4, 2.181994288028883E-4, 6.070791205274872E-4, 0.0023160294154252452, 0.0021016411793154843, 0.002252211905737173, 0.0012154373801266305, 0.0011643971355767542, 0.0014021319608176035]"
27_1,-111.375 31.875_stdDev,"[0.004316243622915472, 0.0031990152362435945, 0.0030706547774241406, 0.001558510953615133, 6.473226943078009E-4, 0.002478573260768974, 0.004151251424281589, 0.004248345337605354, 0.006443371935188811, 0.0033154942536573976, 0.0035751577638159925, 0.002947685281256039]"
27_2,-111.375 31.875_skew,"[3.6998878719176593, 5.250718719877238, 4.706716607985052, 7.088102106711875, 4.901538312450115, 7.5440622141787985, 2.957492352878044, 4.2420480567889065, 5.6041783104988525, 6.3937940780621565, 4.533068687453644, 2.90239425779261]"
27_3,-111.375 31.875_pWD,"[0.24233983286908078, 0.3295880149812734, 0.29357798165137616, 0.27350427350427353, 0.23737373737373738, 0.2579710144927536, 0.4838709677419355, 0.5949367088607594, 0.4221105527638191, 0.27639751552795033, 0.2823529411764706, 0.3198757763975155]"
27_4,-111.375 31.875_pWW,"[0.6666666666666666, 0.7046979865771812, 0.6689419795221843, 0.6104417670682731, 0.5803571428571429, 0.6549019607843137, 0.9146110056925996, 0.9131238447319778, 0.7905236907730673, 0.697986577181208, 0.6346153846153846, 0.6577181208053692]"
28_0,-111.125 31.875_mean,"[0.0019317779170219289, 0.0013309003879963342, 9.929447076135304E-4, 4.245386860234951E-4, 2.146831827398339E-4, 5.597667879469338E-4, 0.0020050589848038566, 0.0018369748963923552, 0.002143788455548335, 0.001291739674368265, 0.00112554999670375, 0.001555686572804147]"
28_1,-111.125 31.875_stdDev,"[0.0042848385593584355, 0.00339595448480214, 0.0027495151198284086, 0.0016398063714695246, 6.693485172368178E-4, 0.002303393499377739, 0.0034795010849802102, 0.0035741486421996147, 0.006304851632132668, 0.004097290951072326, 0.003473926416074722, 0.003306362919104478]"
28_2,-111.125 31.875_skew,"[3.377885741530524, 5.36385107113402, 4.182317532967939, 7.849138155191883, 5.043880041800565, 8.079440256874005, 2.934648753809323, 3.774078509540826, 5.720663156253638, 6.690938833190253, 4.546688201050459, 3.0708613300395955]"
28_3,-111.125 31.875_pWD,"[0.2513812154696133, 0.31851851851851853, 0.28273809523809523, 0.2747875354107649, 0.22807017543859648, 0.26436781609195403, 0.4489795918367347, 0.5617977528089888, 0.4182692307692308, 0.27439024390243905, 0.28402366863905326, 0.3281733746130031]"
28_4,-111.125 31.875_pWW,"[0.6472868217054264, 0.7084745762711865, 0.6619718309859155, 0.6032388663967612, 0.5882352941176471, 0.6349206349206349, 0.9157088122605364, 0.9058380414312618, 0.7780612244897959, 0.6883561643835616, 0.6374045801526718, 0.6464646464646465]"
29_0,-110.875 31.875_mean,"[0.0019170316552257723, 0.001365024817281777, 8.743534916005899E-4, 4.446540560041155E-4, 1.8555398743886215E-4, 4.3933775604647747E-4, 0.0016604958458710116, 0.0013662922002796857, 0.001816750094477609, 0.0012273186886752093, 0.0010608981460563005, 0.0016155877562819933]"
29_1,-110.875 31.875_stdDev,"[0.004315740854329612, 0.0034421297141587555, 0.002447977841222772, 0.0018707654656484154, 5.857243570726624E-4, 0.001850292227691542, 0.002946338859634222, 0.0029342763917222015, 0.0056770778197714694, 0.004501006128851217, 0.0033698405670370413, 0.00344525049182304]"
29_2,-110.875 31.875_skew,"[3.741852487640896, 5.228797457263123, 4.599207399468472, 8.796542995302076, 4.882410144977749, 9.31560130024529, 3.2167363539991407, 5.08618163435315, 5.855994635771073, 6.8962178524114535, 4.911770652704573, 2.928987582821339]"
29_3,-110.875 31.875_pWD,"[0.2534435261707989, 0.32116788321167883, 0.286144578313253, 0.2711864406779661, 0.24352331606217617, 0.2865853658536585, 0.524390243902439, 0.5333333333333333, 0.46113989637305697, 0.2701863354037267, 0.27485380116959063, 0.3259493670886076]"
29_4,-110.875 31.875_pWW,"[0.642023346303502, 0.697594501718213, 0.6666666666666666, 0.6056910569105691, 0.5982905982905983, 0.6544117647058824, 0.9200743494423792, 0.909433962264151, 0.7813267813267813, 0.7046979865771812, 0.6395348837209303, 0.6644736842105263]"
30_0,-110.625 31.875_mean,"[0.0021916520712828196, 0.0017334796725116234, 9.877134989191953E-4, 5.645954692031283E-4, 2.829776098560385E-4, 5.451812305384212E-4, 0.0021207000111678133, 0.0018309730195454252, 0.0019584561781980404, 0.0013110443012209127, 0.0012263297529905351, 0.002005732778532358]"
30_1,-110.625 31.875_stdDev,"[0.004938941761350721, 0.00387993578960741, 0.0025957720246143393, 0.0021324119321964683, 8.825096675828876E-4, 0.0021649879325118743, 0.0034397987567676867, 0.00362406829431846, 0.005362467393190228, 0.004688633118886109, 0.003464080459219881, 0.004054557951743969]"
30_2,-110.625 31.875_skew,"[4.039292470385199, 4.6630292967169655, 4.36582051627878, 8.126029984796242, 4.337364606218382, 9.44646887388486, 2.605273905249644, 4.876969554584852, 5.561051806281759, 7.103062259394093, 4.101900127127555, 2.626215310849993]"
30_3,-110.625 31.875_pWD,"[0.27507163323782235, 0.32116788321167883, 0.29721362229102166, 0.27586206896551724, 0.25392670157068065, 0.2897196261682243, 0.5, 0.5357142857142857, 0.43915343915343913, 0.277602523659306, 0.2920353982300885, 0.3269230769230769]"
30_4,-110.625 31.875_pWW,"[0.6420664206642066, 0.697594501718213, 0.6734006734006734, 0.6150793650793651, 0.592436974789916, 0.6666666666666666, 0.9259259259259259, 0.9160447761194029, 0.7980535279805353, 0.7062706270627063, 0.6245210727969349, 0.6688311688311688]"
31_0,-111.875 31.625_mean,"[0.00163613164331764, 0.0011406165455848398, 9.876835275470287E-4, 4.103601824768766E-4, 1.3882840290595005E-4, 5.271441984438786E-4, 0.0014456817595754766, 0.0013586833499649093, 0.0015065807736281192, 0.0011020742664883908, 9.903097974069148E-4, 0.001233165171573457]"
31_1,-111.875 31.625_stdDev,"[0.004144676878581067, 0.002875374721413323, 0.0039183322370298776, 0.0015429936319173495, 4.3573793896334084E-4, 0.002594020678913651, 0.00315665884972599, 0.002930515086467769, 0.005064193658403296, 0.0038173899643083585, 0.00344554589345024, 0.0029831234745088765]"
31_2,-111.875 31.625_skew,"[4.236422743803768, 3.827082562794156, 6.807703361624136, 7.024338374346178, 5.323364411667867, 10.46413390317683, 5.489636763512764, 4.433718580031762, 7.359267132338487, 7.096883873191798, 5.5096696411870845, 3.6143780125184253]"
31_3,-111.875 31.625_pWD,"[0.23218997361477572, 0.3274021352313167, 0.2631578947368421, 0.271505376344086, 0.22493887530562348, 0.206266318537859, 0.4806201550387597, 0.45588235294117646, 0.39662447257383965, 0.2577903682719547, 0.26704545454545453, 0.31212121212121213]"
31_4,-111.875 31.625_pWW,"[0.6307053941908713, 0.676056338028169, 0.6293436293436293, 0.5614035087719298, 0.5639810426540285, 0.631336405529954, 0.8737270875763747, 0.871900826446281, 0.7410468319559229, 0.6554307116104869, 0.625, 0.6482758620689655]"
32_0,-111.625 31.625_mean,"[0.001867449170802219, 0.001321846542438281, 0.0010662056344876187, 4.2048764231874316E-4, 1.971141995685133E-4, 6.146083697063442E-4, 0.0023251640467116465, 0.0019167160432993107, 0.0018437075618635956, 0.001197698900602042, 0.0011134262543258278, 0.0014521837108216044]"
32_1,-111.625 31.625_stdDev,"[0.004410442658416481, 0.003245055593443904, 0.003679681659428778, 0.0015741323561636747, 6.67000036350165E-4, 0.0024745593751490423, 0.004143045819469048, 0.003460318306225599, 0.005606556322036, 0.0038666625262896662, 0.0035467828116311126, 0.0031943395477430103]"
32_2,-111.625 31.625_skew,"[3.9129588529382873, 4.039777281167841, 5.428811839983828, 7.082320906470492, 5.531966544007492, 8.169774784757623, 3.427860984834305, 3.659031177404095, 6.3366349191845845, 7.2704963979197, 4.853082245451083, 3.1237599121168516]"
32_3,-111.625 31.625_pWD,"[0.24119241192411925, 0.3248175182481752, 0.2727272727272727, 0.2752808988764045, 0.23308270676691728, 0.23184357541899442, 0.46, 0.5353535353535354, 0.4090909090909091, 0.2781065088757396, 0.27988338192419826, 0.3159509202453988]"
32_4,-111.625 31.625_pWW,"[0.6454183266932271, 0.6941580756013745, 0.6630824372759857, 0.5983606557377049, 0.579185520361991, 0.6611570247933884, 0.9115384615384615, 0.8982725527831094, 0.7985074626865671, 0.6631205673758865, 0.6303501945525292, 0.6530612244897959]"
33_0,-111.375 31.625_mean,"[0.0018856065234041396, 0.0013813523456101884, 0.0010681874948005154, 4.36272457242012E-4, 2.2485456837896715E-4, 6.28428164796502E-4, 0.0025447473480281506, 0.0021967933940659485, 0.00223480208006538, 0.001366983816930742, 0.0011525630212898524, 0.0015507666394114494]"
33_1,-111.375 31.625_stdDev,"[0.004370802876625398, 0.003473705765690582, 0.0032839695012611154, 0.0016002320562788568, 6.983942944532621E-4, 0.0021367473359788845, 0.004140964460400383, 0.003751474068387943, 0.006323722234395021, 0.00449038196501432, 0.0035172755711546464, 0.0033315838666327885]"
33_2,-111.375 31.625_skew,"[3.843175323371189, 4.804053854417841, 4.669926189307554, 7.1126352002241084, 4.480008048028812, 6.439956053505881, 2.6145805056394753, 3.2638992822651205, 5.58598604038494, 7.566363511187662, 4.569378582738932, 2.963634745380627]"
33_3,-111.375 31.625_pWD,"[0.25139664804469275, 0.32342007434944237, 0.2966360856269113, 0.27714285714285714, 0.23469387755102042, 0.25217391304347825, 0.4891304347826087, 0.5595238095238095, 0.41025641025641024, 0.2795031055900621, 0.28273809523809523, 0.32407407407407407]"
33_4,-111.375 31.625_pWW,"[0.6564885496183206, 0.706081081081081, 0.6655290102389079, 0.612, 0.5964912280701754, 0.6588235294117647, 0.9147727272727273, 0.9123134328358209, 0.8024691358024691, 0.6946308724832215, 0.6439393939393939, 0.6486486486486487]"
34_0,-111.125 31.625_mean,"[0.001891903649523573, 0.001425223758313369, 0.0010379697100501763, 4.671909755059317E-4, 2.554760558346822E-4, 6.292975321412086E-4, 0.0026984983813707476, 0.002241242839313975, 0.0023189091583636847, 0.0013334826517582329, 0.0011657502558861394, 0.0015545029513883274]"
34_1,-111.125 31.625_stdDev,"[0.004374137986443865, 0.0036044833504249307, 0.0029399797936734166, 0.0017568935486062108, 8.159193105454694E-4, 0.0019738117186426725, 0.004522249903786461, 0.003967564597483647, 0.0064260275910119425, 0.004438273878287164, 0.003489531437194965, 0.0033242981974892574]"
34_2,-111.125 31.625_skew,"[3.860539833498087, 5.302413065591161, 4.500968112941431, 7.678631651575941, 4.778459900759458, 6.550039304633767, 2.9654503676229895, 3.4667290471475245, 5.393854190716747, 6.34190009369473, 4.4721335010762395, 2.9445903236377076]"
34_3,-111.125 31.625_pWD,"[0.2676056338028169, 0.3233082706766917, 0.2966360856269113, 0.29069767441860467, 0.25064599483204136, 0.28615384615384615, 0.5125, 0.52, 0.42328042328042326, 0.268370607028754, 0.28106508875739644, 0.31974921630094044]"
34_4,-111.125 31.625_pWW,"[0.6415094339622641, 0.7123745819397993, 0.6655290102389079, 0.60546875, 0.5836909871244635, 0.6618181818181819, 0.924074074074074, 0.9284403669724771, 0.805352798053528, 0.7231270358306189, 0.6412213740458015, 0.6644518272425249]"
35_0,-110.875 31.625_mean,"[0.0018671327980311386, 0.0014918578446519617, 9.507052758771952E-4, 5.180611615143124E-4, 2.547288824360079E-4, 5.671418723218219E-4, 0.0026214831394621835, 0.0020459699963797646, 0.0021392396606859706, 0.0013069981739657825, 0.0011323840612667867, 0.0016522227179896283]"
35_1,-110.875 31.625_stdDev,"[0.004460810033890876, 0.003692930812457523, 0.002642032105158945, 0.002052862014973449, 9.075269558703307E-4, 0.0017035774243802674, 0.004438249495829035, 0.0037015942721234664, 0.006013941929761388, 0.0048210652832481925, 0.003441375380550326, 0.003515097973066054]"
35_2,-110.875 31.625_skew,"[4.310865247763336, 5.185353681089824, 4.710269610442997, 8.240384801602454, 5.95663891440301, 6.991479640975002, 3.3555244136047024, 3.539799650926171, 5.530241389104752, 6.911348979456322, 4.747961333575235, 2.821473878602444]"
35_3,-110.875 31.625_pWD,"[0.2792022792022792, 0.3284132841328413, 0.28, 0.2910662824207493, 0.24804177545691905, 0.284789644012945, 0.5342465753424658, 0.5365853658536586, 0.48333333333333334, 0.27070063694267515, 0.2807017543859649, 0.3217665615141956]"
35_4,-110.875 31.625_pWW,"[0.6356877323420075, 0.6972789115646258, 0.688135593220339, 0.5968379446640316, 0.5991561181434599, 0.697594501718213, 0.9287020109689214, 0.9182156133828996, 0.7928571428571428, 0.7189542483660131, 0.6317829457364341, 0.6666666666666666]"
36_0,-110.625 31.625_mean,"[0.0019832973351532764, 0.001639752298340959, 9.92081749994876E-4, 5.778107333753724E-4, 3.53913180807159E-4, 6.337854425293325E-4, 0.002916101615742913, 0.002496931311886233, 0.0021729555279189363, 0.0012706954411830112, 0.0012052211867992415, 0.0017848861885894917]"
36_1,-110.625 31.625_stdDev,"[0.00474071089163508, 0.0037387768595676584, 0.0026136754000626945, 0.0021331318283385123, 0.0012475580820867876, 0.0018677494336969537, 0.004397371344319958, 0.004214913508561251, 0.005390722062210471, 0.004302179336014292, 0.0035788558966721395, 0.0037318412197165684]"
36_2,-110.625 31.625_skew,"[4.461848359190817, 4.654611497193005, 4.514851629222549, 8.31750787845544, 5.8024944254684385, 7.749378196507181, 2.4333127637818763, 3.2741866979075915, 5.005874606432859, 6.492177619979132, 4.51506345440255, 2.8344037505914343]"
36_3,-110.625 31.625_pWD,"[0.2927536231884058, 0.337037037037037, 0.2808641975308642, 0.3032069970845481, 0.25396825396825395, 0.2986577181208054, 0.5333333333333333, 0.5303030303030303, 0.4970414201183432, 0.2819672131147541, 0.29289940828402367, 0.3193548387096774]"
36_4,-110.625 31.625_pWW,"[0.6327272727272727, 0.6915254237288135, 0.6891891891891891, 0.5914396887159533, 0.6033057851239669, 0.7052980132450332, 0.9428571428571428, 0.9368231046931408, 0.8051044083526682, 0.7238095238095238, 0.6259541984732825, 0.6838709677419355]"
37_0,-111.125 31.375_mean,"[0.001977070973351084, 0.0015533959562731843, 0.0011076683113188073, 4.8128954213426774E-4, 2.510936485360498E-4, 6.160812078521597E-4, 0.0025741772629952957, 0.0019629017168596584, 0.0021768188236427365, 0.0013691967612268119, 0.0011950953085033689, 0.0016448328857088966]"
37_1,-111.125 31.375_stdDev,"[0.005011208467969787, 0.0038423476236554887, 0.0033464071916048227, 0.0019747089201934036, 8.720958383003818E-4, 0.0018424294477860537, 0.004543845028591877, 0.003537508226676715, 0.006158360546376558, 0.005002067293233494, 0.0035635774238144792, 0.00370613882736642]"
37_2,-111.125 31.375_skew,"[4.614679972578389, 4.444205699471713, 4.92490366090998, 7.5863789868520835, 5.130528503478551, 5.367195951207265, 3.313856922879436, 4.121808509880955, 5.552651043429281, 6.427817077685278, 4.397124993711424, 3.1491391933197708]"
37_3,-111.125 31.375_pWD,"[0.2618384401114206, 0.33579335793357934, 0.2874251497005988, 0.29428571428571426, 0.24102564102564103, 0.2688821752265861, 0.5128205128205128, 0.5057471264367817, 0.421875, 0.2641509433962264, 0.26956521739130435, 0.33540372670807456]"
37_4,-111.125 31.375_pWW,"[0.6398467432950191, 0.6904761904761905, 0.6608391608391608, 0.584, 0.591304347826087, 0.6691449814126395, 0.9261992619926199, 0.9174484052532833, 0.8014705882352942, 0.7218543046357616, 0.6392156862745098, 0.6409395973154363]"
38_0,-110.875 31.375_mean,"[0.0019701506125916176, 0.0017680926184641989, 0.0011073034965661983, 5.593858732599911E-4, 2.953891991637647E-4, 6.672697299514997E-4, 0.0032599327248747775, 0.0025762282753784725, 0.002285718171051888, 0.00133213845472182, 0.0012434867711098336, 0.0017662627042316999]"
38_1,-110.875 31.375_stdDev,"[0.004985642727531449, 0.004145120760479115, 0.0030429225277358763, 0.002219268502831821, 0.0011643362479352199, 0.0018582233118371865, 0.005362132867112489, 0.004153081516040291, 0.005932545693879119, 0.0048042824383256666, 0.003758788767559775, 0.003876262733566913]"
38_2,-110.875 31.375_skew,"[4.638838702550166, 4.542771115090319, 4.535880307454365, 7.84802271284664, 6.303034717053734, 6.292379553028251, 3.2706512117435715, 2.98606469121167, 5.448061641904916, 7.377088226522356, 4.584671553712167, 3.081336651324479]"
38_3,-110.875 31.375_pWD,"[0.2761627906976744, 0.3333333333333333, 0.2878787878787879, 0.30434782608695654, 0.24736842105263157, 0.3174061433447099, 0.543859649122807, 0.5555555555555556, 0.4619883040935672, 0.27741935483870966, 0.2822822822822823, 0.33860759493670883]"
38_4,-110.875 31.375_pWW,"[0.6557971014492754, 0.6883561643835616, 0.6689655172413793, 0.5843137254901961, 0.6083333333333333, 0.6970684039087948, 0.9449378330373002, 0.927007299270073, 0.8158508158508159, 0.7225806451612903, 0.651685393258427, 0.6513157894736842]"
39_0,-110.625 31.375_mean,"[0.001965613444886541, 0.0017679052032304533, 0.0010911723158692252, 5.92017804592615E-4, 3.946374788819278E-4, 7.028503036036075E-4, 0.0034447868857367904, 0.002873944431289201, 0.0022890003540676322, 0.0012820400117385773, 0.0013242833984066856, 0.001777473876703214]"
39_1,-110.625 31.375_stdDev,"[0.004958999507167924, 0.003987961873737556, 0.0028669840628477434, 0.0022205011623445126, 0.0014924898852058568, 0.0016540789114920411, 0.004859820585752714, 0.004403473654039424, 0.005395194345385103, 0.004159875270651389, 0.004225704655039164, 0.0039012491728732377]"
39_2,-110.625 31.375_skew,"[4.758436841873626, 4.293169028538469, 4.328989017062242, 7.990683353246524, 6.214819696157717, 5.257497325081021, 2.2712733064493826, 2.8289142607207576, 4.996433017476082, 6.512694557458802, 5.548289935685535, 3.363433608213699]"
39_3,-110.625 31.375_pWD,"[0.2903225806451613, 0.33955223880597013, 0.290519877675841, 0.3119533527696793, 0.24468085106382978, 0.3127147766323024, 0.5636363636363636, 0.6031746031746031, 0.46153846153846156, 0.2806451612903226, 0.2857142857142857, 0.3238095238095238]"
39_4,-110.625 31.375_pWW,"[0.6451612903225806, 0.6936026936026936, 0.6723549488054608, 0.5797665369649806, 0.6229508196721312, 0.7055016181229773, 0.9451327433628318, 0.9317773788150808, 0.8190255220417634, 0.7193548387096774, 0.6401515151515151, 0.6688524590163935]"
